YES MASK,Deaths
73.9,28
75.9,67
69.2,9
85,13
65.3,23
78.6,17
58.8,40
60.9,59
69.6,43
67.8,14
81.2,31
78.7,12
69.8,16
49.8,12
58.5,7
65.2,9
66.9,27
59.1,13
64.7,3
55.7,29
64.9,30
59.6,23
68,51
64.6,27
75.9,27
73.7,52
67.2,28
62.3,49
66.2,12
64,31
60.3,7
79,16
83,29
69.6,6
70.1,32
70.9,14
80.7,372
71.6,5
64.8,40
67,30
74.5,66
73.1,27
66.3,27
71.7,19
76.6,92
69.8,21
56,29
73.2,48
75,314
66.6,9
72.5,196
76.3,32
80.5,6
74.1,17
66.3,12
51.2,14
78.3,3
69.5,42
78.5,60
75.9,21
53,34
70.2,86
77.9,132
68.5,92
80.2,12
64.2,12
49.5,13
86.7,0
86.1,0
85.9,41
86.3,0
87.2,0
79,0
87.5,0
64.7,13
77.1,0
75.5,0
74.9,3
85.9,3
65.2,0
86.6,0
87,0
85.8,3
84.4,0
67,0
72.6,0
64.7,13
73.8,0
78.9,0
72.5,0
86,1
86.2,0
78.3,2
85.1,168
77.5,73
81.2,147
88.3,65
60.2,27
63.3,2
74.3,16
89.2,3512
74.9,229
74.1,236
88,634
81.5,216
91.1,65
81.5,87
93.3,353
77.3,11
71.2,12
63.8,7
80.3,110
60.5,29
62.9,8
60.9,59
70.6,12
62.8,22
74.9,4
49.8,12
58.5,7
70.3,12
63.3,19
67.2,3
66.1,36
57.8,25
81.4,51
72.3,21
64.6,27
69.8,7
68.2,7
82.9,29
64,31
54.8,9
80.6,62
74.7,4
79,16
73.3,5
77.6,32
70.5,13
61.9,39
66,1
70.9,14
80.7,372
54.9,7
72,3
67,30
74.5,66
75.5,17
70,35
62.2,2
77.1,23
76.6,92
56,29
70.6,15
72.4,63
66.6,9
72.5,196
72.5,14
66.9,19
69.1,7
80.5,6
75.3,15
66.3,12
68.4,17
52.2,4
58.7,36
66.4,4
81.9,193
51.2,14
61.7,10
73.6,28
58.1,1
68.7,1
58,88
63.2,16
55.5,9
73.2,21
60.6,47
81.1,3
80.2,12
76.8,32
68.5,0
67.2,30
91.8,433
80.2,0
84.3,16
83,51
83.8,17
85.1,6
92.7,236
74.3,1
85.8,4
89.7,429
80,3
93.4,9
96.4,335
94.7,15
84.5,410
86,104
98.5,15
70.7,1
91.7,6877
87.5,73
94.3,127
84.7,2
99.2,21
84.9,152
81.9,0
95,2
90.4,83
92.2,14
72.5,14
91,1410
89.4,52
81.7,0
91.9,1272
88.6,471
91.4,14
90.2,1021
92.6,853
93.8,133
84.5,484
91.4,32
91.2,157
89,119
93.2,378
91.1,65
77.9,29
76,0
71.3,0
87.6,74
94.4,129
87.8,392
83.2,12
74,8
79.3,0
82.1,276
86.5,4
93.3,160
94.7,56
83.6,10
87,248
72.1,9
89.6,377
76.4,0
64.1,0
75.8,0
94.5,84
93.5,40
78.3,20
69,0
84.6,1
74,0
81.9,1
88.4,1
73.2,0
74.5,4
90.1,440
84.3,0
86.5,63
95.6,10
75.1,3
79.9,188
86.3,1
85.8,5
95.5,0
94.1,1
86.2,7
79,0
87,2
70.9,14
80.7,372
76.2,0
53.4,3
98.5,15
81.5,2
89,55
81.8,1
75.5,17
62.2,2
72.1,8
74.2,0
65.5,1
84.3,5
75,13
76.3,32
84.7,6
79,1
85.9,1
75.3,15
95.1,2
67,0
86.4,40
72.3,0
68.6,2
86.4,8
67.5,2
83.3,0
82.5,0
63.5,1
93.5,4
74.2,4
80.2,12
78.1,158
93.3,353
89.4,1429
89.7,1449
91,143
93.5,195
91,1120
88.9,134
95.7,67
85.5,17
86.2,119
91.9,334
95.9,215
90.7,641
92.1,73
65.7,17
75,128
55.4,12
76.4,347
90.8,1515
60.9,59
79.8,154
78.7,131
49.8,12
87,246
63.3,19
85.7,28
71.5,11
82.3,511
67.2,28
75.9,37
64,31
80.2,54
76.4,18
77.3,6
70.9,15
59.2,9
66.6,13
80,43
77.9,156
77.3,103
87.7,751
67.3,11
80,122
70.9,14
80.7,372
72,3
98.5,15
74.5,66
85.6,99
77.9,11
75,10
76.6,92
82.7,320
56,29
88.8,158
88.4,3547
66.6,9
69.3,50
67.9,129
88.6,37
91,1410
89.6,182
90,1497
88.8,224
88.3,801
52.2,4
76.7,48
78.4,78
82.1,318
71.8,85
87.9,311
85.8,235
75.9,21
59.6,77
62.1,15
60.6,47
81,307
70.4,10
75.6,29
80.2,12
56.8,35
66.2,5
60.9,14
65.7,17
75.9,67
63.7,8
75.8,50
61.3,92
68.5,32
67.4,12
85,13
76.4,21
67.4,12
62,26
83.3,14
73.4,33
70,11
69.3,43
60.9,59
56.9,17
74.1,24
70.6,12
59.2,20
69.1,10
78.2,182
75.9,1
59.4,27
67.8,14
69.8,16
49.8,12
78.3,174
74.8,12
79.7,448
65.2,9
62.7,39
63.3,19
64.4,16
65.9,60
57.8,25
79.8,23
51.9,5
73.3,10
69.6,34
75.9,27
67.9,14
83.1,16
88.5,190
86.5,63
73.8,34
64.8,2
74.7,28
75.1,3
75.2,36
66.2,6
71.2,28
66.2,12
54.3,55
83.4,52
64,31
54.8,9
74.3,19
67.1,2
73.6,101
52.6,42
68.1,25
79,16
82.9,434
72.2,75
74.3,168
74.3,44
52.9,10
76.4,25
70.7,16
61.5,6
69.6,6
70.1,32
68.4,6
70.9,14
67.8,4
57.3,22
80.7,372
74.9,32
54.9,7
63.9,14
71.6,5
68.3,7
68.2,86
74.5,66
75,10
75.5,17
78,4
66.3,27
74.9,14
75.3,15
70.2,7
71.7,19
76.6,92
56,29
66.7,16
70.6,15
78.9,45
66.6,9
72.5,196
76.3,32
59.4,8
78,173
66.9,19
79.2,27
80.8,11
72.7,60
72.7,24
74.1,17
67.9,24
66.3,12
52.2,4
81.9,193
76.7,48
70.1,1
69.3,11
51.2,14
75.8,174
75,40
71.1,2
65.2,11
85.8,235
71.1,62
68,41
72,16
75.9,21
66.3,7
80.2,0
65.8,13
62.1,15
63.5,23
92.2,32
75.8,69
72.3,61
65.5,56
73,12
66.6,11
67.5,106
72.2,24
69.5,9
60.6,47
62.7,69
68.5,92
75.6,29
72.2,62
70,5
80.2,12
68.9,30
81.3,2
62.5,17
76.8,32
54.5,63
64.2,12
72,6
75.8,17
79.2,32
92.1,18
94.9,150
93,0
93.3,0
92.5,18
72,157
87,248
54.7,11
62.8,1
75.3,3
53.3,13
63.6,6
86.7,2
67.7,1
51.5,22
72.2,1
83,51
73.7,0
62.1,106
52.8,4
54.1,8
74.9,4
72.5,0
73.2,0
73.7,52
64,31
86.3,1
63.4,4
49.8,2
69.8,0
80.7,372
51,7
57.9,46
92,0
48.7,0
74.4,2
75.5,17
76.6,92
54.2,8
84.3,24
59.1,0
59.4,5
54.6,10
56.6,2
48.9,19
52.2,1
51.2,42
73.9,1
80.2,12
87,248
76.7,9
60.5,29
58.5,0
81.3,17
60.9,59
70.6,12
62.8,11
85.3,28
79.3,25
74.9,4
49.8,12
75.3,24
63.2,38
64.4,16
57.8,25
63.6,6
75.9,27
78.7,3
86.5,63
92.3,598
60.6,8
53.4,0
74.7,28
66.2,12
73.9,9
64,31
54.8,9
61.1,2
79,16
78.2,7
59.2,9
74.3,44
53.1,0
75.9,0
69.6,6
66.6,19
70.9,14
67.8,4
80.7,372
72.2,21
64.3,5
54.9,7
91.3,341
77.6,78
92.4,27
74,9
98.5,15
82.3,60
67,30
74.5,66
74.4,10
62.2,2
77.2,15
89.2,120
76.2,30
71.7,19
78.8,9
76.6,92
56,29
73.2,48
43.9,1
62.9,2
71.2,1
78.6,6
66.6,9
72.5,196
76.3,32
63.3,5
77.3,7
82.8,62
80.5,6
88.6,0
66.3,12
58.7,36
81.9,193
76.7,48
51.2,14
63.1,14
83.1,88
69.5,42
73.6,28
79.7,54
61.5,1
58.1,1
78.5,60
82.7,2
86.6,7
77.5,47
60.6,47
77,7
53.7,5
70,5
80.2,12
68.9,30
76.8,32
86.7,22
87.3,419
64.7,58
85,165
75.9,11
87,248
69.2,232
69.2,61
80.3,110
65,3
60.5,29
58.5,0
70.6,12
62.8,11
74.9,4
49.8,12
75.3,24
57.8,25
76,34
64.8,30
69.6,34
75.9,27
67.2,75
80,24
78,136
66.2,12
54.3,55
68.6,3
64,31
54.8,9
60.6,11
74.7,4
79,16
59.2,9
74.3,44
61.7,26
78,147
69.6,6
70.5,13
61.5,5
70.9,14
67.8,4
56.3,7
80.7,372
62.7,15
54.9,7
74,9
69.1,22
68.8,16
98.5,15
67.2,57
67,30
76.6,92
56,29
73.2,48
88.8,158
56.9,5
66.6,9
72.5,196
76.3,32
66.9,19
69.7,34
68.2,7
91,1410
78.2,2
60,2
80.5,6
66.3,12
74.3,50
69.8,5
81.9,193
76.7,48
51.2,14
72.3,8
68.7,4
82.6,164
58.1,1
78.5,60
74.5,6
58.4,8
70.1,8
72.4,12
57.8,0
72.2,15
79.6,26
60.6,47
77.6,50
64.9,1
71.6,38
53.7,5
70,5
80,65
80.2,12
68.9,30
66.9,7
76.8,32
62,6
67.1,1
87,248
68.1,8
60.6,3
50.9,1
80.3,110
73.6,96
60.5,29
69.2,7
76.7,3
49.5,12
58.8,40
60.9,59
70.6,12
62.8,11
73.6,5
42.8,23
67.8,14
59.2,1
69.8,16
49.8,12
78.3,174
75.3,24
57.8,25
64.6,27
61.2,4
69.6,34
67.2,75
67.5,9
60.6,7
61.9,52
60.9,14
66.2,12
54.3,55
64,31
86.3,1
79,16
78.2,7
62.3,14
59.2,9
74.3,44
53.1,0
61.7,26
69.6,6
70.5,13
93.4,9
50.8,2
68.9,6
70.9,14
67.8,4
80.7,372
54.9,7
63.9,14
55.2,1
44.5,0
74.5,66
76.4,124
69.6,15
56.9,6
59.1,7
76.6,92
57,22
56,29
73.2,48
76.2,1
78.9,45
76.7,1
66.6,9
72.5,196
63.7,57
50.6,10
89.6,182
79.1,0
59.8,1
56.4,25
50,2
52.2,4
65.4,44
54.7,11
43.7,2
46.2,3
58.1,1
78.5,60
53.5,11
80.9,17
67.2,36
62.1,15
60.6,47
81.1,3
59.1,62
70,5
80.2,12
68.9,30
81.3,2
85,165
68.2,9
58.5,86
79.2,32
35.7,1
69.2,232
61.1,0
57.2,5
66.5,0
64.1,7
61,3
58.5,0
58.8,40
55.6,1
55.1,0
67.8,14
69,0
74.9,4
49.8,12
65.1,1
63.1,9
61.7,0
55.2,9
57.8,25
69.6,34
60.6,7
48.6,0
86.5,63
53.4,0
59.4,0
46.8,16
56,0
58.2,16
73.9,9
64,31
76.9,4
43.8,9
60.2,27
74.7,4
60.4,0
55.2,0
63.2,0
59.2,9
59.3,2
74.6,8
60.3,1
63.7,0
70.9,14
80.7,372
59.9,1
54.9,7
57.5,3
59.2,3
76.2,0
61.8,5
53,1
68.6,17
75.5,17
76.4,124
62.2,2
59.1,7
70.9,3
56,29
73.2,48
59.7,2
56.9,5
78.9,45
72.5,196
64.8,0
62.3,2
66.8,1
54.3,0
56.9,9
50,0
80.4,1
42.9,0
58.7,0
71.4,1
75.3,15
78.6,0
69.6,0
48.8,0
64.5,11
66.8,1
65.1,1
79.6,11
38.3,7
68.7,4
78.3,3
73.6,28
58.1,1
63.5,1
62.9,7
81.7,73
42.1,0
47.1,0
51.4,0
72.4,1
60.4,2
63.3,1
74.2,4
75.8,69
42.8,1
79.2,1
50.8,0
80.2,12
53.2,0
58.2,2
56.1,0
84.3,145
67.1,1
69.2,232
61.1,0
66.1,1
76.4,13
78.2,1
63.9,16
60.5,29
61,3
58.9,18
75.9,0
63,1
67.9,0
65.5,2
71.6,14
58.8,40
61.5,0
60.2,9
70.8,16
66.4,1
70.6,12
70.7,4
59.8,15
79.3,25
74.9,4
49.8,12
75.3,24
81.4,51
63.6,6
76,34
80.3,12
73.2,0
67.7,0
66.2,12
78.9,0
54.3,55
64,31
54.8,9
61.1,2
81.6,3
74.7,4
56.2,29
78.1,15
73.5,8
57,8
74.3,44
53.1,0
73.2,13
61.7,26
70.7,16
75.9,0
69.6,6
61.7,1
71.9,41
70.9,14
80.7,372
83.8,2
54.9,7
74.5,49
63.9,2
74,9
78.3,1
66.9,7
67,30
74.5,66
66.1,0
74.6,2
74.4,2
75.5,17
74.4,10
62.2,2
59.1,7
62.5,11
64.4,1
76.2,30
76.6,92
70.4,0
56,29
73.2,48
88.8,158
43.9,1
59.7,2
68.3,1
78.6,6
70.9,2
66.6,9
72.5,196
76.3,32
68.8,12
79.2,4
86.2,1
68.2,7
83.8,26
78.2,2
66.4,1
74.2,0
80.5,6
66.3,12
68.7,0
81.9,193
79,1
63.1,1
69.8,1
78.3,3
58.1,1
78.5,60
63.4,8
74.5,6
62.1,15
66,10
74.9,0
55.9,0
60.6,47
70,5
80.2,12
68.9,30
81.3,2
62,6
65.1,0
75.9,11
62.7,100
61.6,54
71.7,98
67.4,24
70.5,62
67.7,39
70,33
69.3,116
70.6,387
68.3,222
73.9,3
70.6,2
74.7,14
74.6,24
67.4,16
75.8,35
82.5,456
81.1,6
78.6,75
59.8,38
72.1,44
76.4,30
72,93
83.4,60
67.3,22
85.9,580
55,43
75,137
72.4,126
79.4,10
70.7,48
75.3,79
78.9,8
73.2,24
72.8,26
86,589
70.5,159
73.5,19
80.6,40
76,153
71.6,24
72.8,16
70.9,14
75.4,32
83.2,63
67.1,4
66.4,40
65.6,106
71.4,133
72.6,62
73.4,84
82.2,269
75.9,122
75.9,2
74,123
68,49
72,70
69.7,55
70.3,70
75.9,37
84.6,42
79.1,11
76.1,25
67.9,19
77.6,10
69,1
63.6,6
64,31
74.3,44
78.5,11
74,9
75.5,17
80.2,2
80.6,6
66.8,0
88,0
72.8,8
76.7,14
80.2,12
82.8,20
94.9,23
89.3,263
91.9,653
83,29
93.8,8
70.6,12
92,36
82.4,101
96.3,10
87.5,137
87.6,1
94.6,78
70.5,13
86.2,119
72.5,196
81.4,846
91.4,26
91.5,59
72.8,8
66.3,7
80.2,12
92,49
95.2,30
88.1,496
94.8,181
91.6,51
90.8,732
94.6,0
91.9,1330
64,31
91.6,799
96.6,153
93.5,195
94.8,2
93,1093
56.4,25
92.4,1160
95.2,30
75.6,2
82.4,1
78.3,7
79.2,14
84.3,0
73.6,3
81.5,4
71.5,5
75,128
87.9,2
67.4,12
63.3,10
60.9,59
62.8,11
83.1,4
83.6,2
88,0
82.2,8
75.3,24
57.8,25
74.5,4
60.6,7
76.7,10
60.9,14
82.1,324
84.1,2
75.8,2
87.2,13
76.5,16
67.1,27
78.6,7
81.5,5
83.2,58
62.3,7
71.7,15
76,18
73.5,15
70.9,14
86,100
87.4,4
86.2,119
79.5,0
98.5,15
75.5,38
86.6,1
87.2,18
74.4,10
85.4,0
85.5,0
83.3,1065
82.8,3
82.9,12
43.9,1
71.8,4
80,3
84,13
85.7,1
66.6,9
66.8,8
76,0
77.1,76
75.4,3
89.6,1227
77.9,6
71.7,5
76.6,0
89.6,182
77.4,1
77.4,11
58.7,0
79.8,1
85.4,5
81.3,149
69.5,42
82.6,164
73.2,7
79.8,0
77.2,33
78.2,34
81.1,3
91.3,117
68.9,30
83,4
62.2,2
73.7,148
49.2,3
52.5,7
80.3,110
43.8,0
71.1,7
58.5,0
79.8,1
66.4,7
62.8,11
88,0
66.7,2
49.8,12
72.5,0
64.4,16
47.8,0
66,21
72.4,134
67.9,14
86.5,63
60.1,0
77.3,0
57.4,4
79.3,11
74.7,4
83.9,966
70.1,32
60.7,2
58.2,3
54.5,17
70.9,14
49.2,10
60.2,4
54.3,0
57.1,4
47.2,2
98.5,15
56.2,1
63.1,5
75.5,17
59.1,7
56.9,3
56.7,1
73.2,48
88.8,158
69,3
49.5,10
61.3,6
71,13
59.4,8
68.8,17
49.9,16
61.4,0
81.8,29
46.1,6
51.1,1
60.6,0
59.8,16
52.2,4
58.7,36
82.3,347
47,2
54.8,11
62.1,11
65.1,1
57.5,1
56.1,0
75.4,63
58.1,1
58.5,21
61.3,3
58.9,36
71.9,2
63.3,1
56.5,1
66,10
50.5,0
74.5,0
57,0
76.1,9
80.2,12
57.3,4
44.8,4
76.3,18
35.7,1
52.8,5
87,248
65,12
67.7,13
74,26
80.3,110
70.5,77
60.9,59
70.6,12
59.2,1
78.7,12
81.2,16
69.8,16
49.8,12
78.9,36
70.9,36
55.7,29
85.7,28
79.4,77
64,31
77.4,17
79,16
67.5,38
74.3,44
61.7,26
77.1,173
67.3,11
71.4,16
77.4,3
65.5,24
70.9,14
67.8,4
80.7,372
62.6,11
63.9,14
86.4,15
72,3
71.6,5
64.8,40
67,30
79.1,40
74.5,66
66.6,87
75.5,17
66.3,27
76.6,92
56,29
73.2,48
66.6,9
72.5,196
90,111
66.9,19
84.5,17
83.3,54
66.8,37
73.8,58
80.5,6
66.3,12
71.3,19
62.3,19
70.1,1
74,86
58.1,1
71.8,14
63.4,8
51.4,0
73.2,21
68,49
73.5,25
70.2,39
64.7,21
59.5,41
74.4,17
60.6,47
62.2,27
70,5
80.2,12
68.9,30
81.3,2
75.8,17
49.5,13
74,14
76.7,33
67.1,1
50.6,3
57.2,5
60.8,5
71.5,5
64.1,7
68.1,3
80.3,110
61.8,3
60.5,29
76.7,3
58.8,40
61.5,0
54,4
56.9,17
67.4,30
70.6,12
70.7,4
62.8,11
73.6,5
65.8,1
79.3,25
74.9,4
49.8,12
75.3,24
62.1,18
72.3,2
57.8,25
51.9,5
64.6,27
76,34
75.9,27
48.9,2
86.5,63
69.3,11
64,31
53.9,24
55,10
79,16
78.2,7
61.7,26
69.6,6
48,3
49.2,1
70.5,13
34.9,4
76,18
70.9,14
67.8,4
80.7,372
54.9,7
74,9
39.4,15
72,3
67,30
74.4,2
75.5,17
76.4,124
74.4,10
61.4,13
71.7,19
76.6,92
62.2,0
56,29
78.6,6
70.6,15
72.4,63
52,6
66.6,9
72.5,196
76.3,32
64.1,17
66.9,19
55.5,10
37,0
80.4,1
56.5,1
61.1,12
80.5,6
54.8,13
56.4,18
66.3,12
82.7,12
52.2,4
81.9,193
76.7,48
48.6,0
51.2,14
57,2
59.5,0
72.3,8
81.8,140
69.5,42
69.1,1
69.2,19
75.4,63
73.6,28
61.5,1
60.7,1
58.1,1
34.1,2
78.5,60
58.7,15
73.2,21
72.4,12
65.4,33
28.9,2
62.1,3
70,5
80.2,12
68.9,30
81.3,2
79.2,32
35.7,1
86.3,232
60.5,1
52.1,33
63.6,6
63.8,0
52.7,0
70.7,4
52.7,6
49.8,0
73.2,0
39.8,0
73.3,10
62.2,0
53.6,0
44.8,2
59.8,23
61.1,2
85.8,5
59.2,2
51.7,0
60.5,0
46.5,10
80.7,372
48.8,0
98.5,15
66.4,3
75,10
75.5,17
40.6,0
76.6,92
59.9,2
74.2,0
58.1,7
52.5,1
85.9,1
51.6,0
75.3,15
53.2,1
46.1,3
68.7,0
66.4,4
58.8,4
63.1,14
40.7,14
51.7,20
45.5,1
42.1,0
64.6,0
54.1,3
60.1,2
52.2,1
51.9,6
52.9,0
73.9,1
50.7,1
45.4,0
52.7,77
87,248
51.5,1
60.4,0
48.8,0
63.6,6
60.5,29
48.8,1
58.9,18
58.5,0
71.8,6
78.1,1
58.8,40
62.8,11
73.6,5
55.6,1
70.5,4
69,0
49.8,12
62.8,7
66.4,2
73.2,0
72.4,134
56.3,0
73.3,10
62.2,0
54.5,2
67.9,14
86.5,63
54.2,1
77.3,0
64,31
64.9,0
63.4,2
74,5
55.6,0
85.8,5
68,0
74.7,4
55.2,0
74.3,168
59.2,9
73.2,13
61.6,0
56.4,0
49.2,1
61.6,1
70.5,13
80.7,372
54.9,7
71.7,0
62.8,0
60.4,0
47.8,0
74,9
73.4,30
75.5,17
62.2,2
59.4,0
70.9,3
76.6,92
68.8,1
49.6,0
66.6,0
66.8,1
66.7,0
70.3,1
71.4,1
62.6,10
56.4,18
67.9,24
82.7,12
52.2,4
60.6,0
55,2
57.5,1
73.6,28
69.3,32
52.3,4
50,8
62.9,7
42.1,0
47.1,0
53.5,11
60.4,2
67.8,0
75.8,69
60.5,4
73.9,1
80.2,12
68.9,30
81.3,2
62.5,17
82.8,20
82.7,4
74.9,4
86.5,63
74.3,11
90.4,0
77.3,0
93.4,9
77,2
75.5,17
59.1,7
74.2,0
84.9,16
72.9,0
90.8,0
89.1,185
71.7,1
85.9,8
75.6,5
70.6,12
81.1,3
86.6,0
90.4,1
87.7,751
77.3,26
85.1,105
74.8,14
72.4,12
91,264
91.3,2051
91.3,507
56.9,17
95.4,99
63.6,6
91.9,1330
89.1,235
88.1,1523
88.9,126
78.6,6
93.5,195
92.8,868
64.8,0
87.6,1054
89.4,1258
88,88
72.8,8
95.9,215
60.6,47
70,5
89.3,187
87.1,1
77.8,17
92.4,21
62.8,7
74.9,8
81,0
90.9,63
63.8,17
74.7,4
86.4,1
72.9,0
72.2,2
74.9,28
75.5,17
88.2,0
82.5,10
92.3,261
90.4,0
84.7,6
73,2
83.7,15
40.7,14
87.2,44
83.3,0
82.5,0
94.6,9
76,0
93.9,8
89.8,4
86.3,1
60.6,47
84.3,4
93,126
94.9,23
87.8,4979
87.8,87
94.9,16
89.4,3
55.1,0
85,9
89.1,6
75.3,24
63.3,19
92.1,1
67.2,75
95.3,163
92.7,641
91.9,1330
64,31
54.8,9
82.1,324
79,16
59.2,9
91.6,10
80.7,372
86,104
74.4,2
74.4,10
76.6,92
66.6,9
72.5,196
69.3,50
92.4,3192
93.4,90
59.1,0
91.9,182
95.6,29
91,1410
90.6,55
88.5,3
77.4,11
76.7,48
88.7,7288
89.1,42
75.8,174
91.7,510
85,4
90.7,15
90.1,48
93.3,2
61.5,1
94.6,2
70.1,8
92.4,1160
72.4,12
95.3,25
93.1,0
91.8,84
70,5
80.2,12
68.9,30
91.3,1469
96.8,5
97.1,6
76.1,68
71.4,1
80.4,8
74.2,1
68.2,0
84.2,35
79.6,13
82.8,19
92.1,34
92.3,94
70,11
84.6,82
61.5,0
56.9,17
75.7,5
70.6,5
76.5,57
78.2,182
67.8,14
79.3,10
49.8,12
70.3,12
66.6,59
68.5,50
63.6,6
69.1,4
86.5,3
68.8,42
82.1,6
74.6,54
93.6,97
88.7,52
83.4,52
64,31
82.9,104
78,3
60.2,27
84.3,50
79,16
78.7,193
91.1,25
84,66
85.4,36
75.9,0
91.3,34
85.2,22
75.7,5
76.3,34
70.9,14
83.3,60
63.9,14
74.5,66
73.8,35
75.5,17
70.6,31
71.7,19
76.6,92
88.8,158
86,376
78.9,45
72.5,196
81.5,38
88.5,60
91.7,37
91.3,18
76.3,26
91,1410
72.5,2
80.1,33
77.2,8
79.7,3
91.2,9
81.6,35
52.2,4
51.2,14
75.8,174
79.1,86
85.1,105
69.8,1
68.8,46
90.5,28
60.7,1
79.1,57
83.5,5
84,26
77.5,3
91.5,9
82.8,3
60.6,47
79,46
89.5,261
70,5
80.2,12
85.6,2
68.9,30
72,6
58.2,2
82,9
88.9,0
87,248
67.3,1
39.9,8
46.2,0
53.3,16
52.5,2
70,11
50.4,72
62.8,11
41.7,1
54.4,1
48.2,1
49.1,5
63.8,17
52.4,7
57.4,2
51.7,0
55.8,15
74.7,4
58.7,1
42.5,2
52.7,1
62.2,3
62.2,2
89.2,120
70.2,7
48.5,4
76.2,30
78.6,6
62.3,2
51.4,6
79.2,4
50.1,0
50.3,0
67.9,24
82.3,347
59,0
62.1,11
63.1,14
46.3,7
50.8,2
42.1,0
53.5,11
46.1,0
82.7,2
71.9,2
66.8,5
37.8,2
53.6,3
52.4,2
53.9,24
66.9,7
47.7,12
87,248
69.2,232
62.8,5
74.9,48
64.9,2
62.7,16
71.4,27
58.5,0
58.8,40
70.6,12
85.3,28
74.9,4
77.6,37
75.3,24
70.7,87
43.6,12
57.8,25
82.2,674
55.1,50
68.3,13
67.2,75
92.7,641
89.4,1429
66.2,12
64,31
54.8,9
64.1,13
84.9,50
79,16
60,8
59.2,9
74.3,44
53.1,0
61.7,26
69.6,6
63,4
48.4,9
67.3,11
81.5,5
70.9,14
80.7,372
74,9
98.5,15
67,30
66.6,65
62.2,2
71.5,89
56.9,6
76.6,92
75.6,283
56,29
73,42
60.9,12
78.6,6
56.9,5
66.6,9
72.5,196
76.3,32
77.2,2
59.8,4
69.7,34
58.7,0
72.7,60
80.5,6
75.4,46
66.3,12
76.8,67
62.3,17
76.7,48
63.1,14
61.5,33
67.8,22
54.3,9
94.6,2
78.5,60
82.7,2
93.5,4
76.5,134
55.4,22
60.6,47
62.4,3
52.7,3
70,5
80.2,12
68.9,30
47.7,12
82.4,81
56.1,13
67.1,1
51.2,0
62.9,1
60.7,0
46,10
63.6,6
83.3,14
68.3,24
78.1,21
70.7,4
67.8,14
78.7,12
61.8,0
70.3,12
70.1,0
61.7,0
72.1,3
40.4,2
62.7,36
73.2,0
67.2,75
46.3,1
46.8,16
85.8,5
68.2,6
68.1,25
74.7,4
59,8
57.7,0
59.3,2
60.3,1
72.7,4
70.9,14
80.7,372
83.3,60
64.4,15
81.1,2
76.2,0
52.2,2
55,21
75.5,17
62.2,2
63,1
74.2,9
61,37
70.2,7
54.6,2
73.2,48
43.8,11
59.4,8
58.6,28
69.7,34
56.7,4
61.2,6
74.3,216
66.6,8
80.4,1
58.7,0
71.4,1
72.1,10
61.8,20
71.3,19
78.6,0
64.9,4
45.1,2
63.4,53
85.8,235
57.4,13
68,41
28.9,2
70.5,3
72.5,186
68.1,27
80.2,12
47.7,0
55.3,0
47.6,5
65.7,17
80.3,110
88.9,65
87,0
63.3,19
86.6,0
87.9,2
74.9,8
91.6,13
86.5,63
93.9,0
74.7,4
75.5,0
77.2,1
70.9,14
80.7,372
84.4,2
81,3
98.5,15
53,1
75.5,17
76.4,124
51.1,34
56,29
77.2,2
91.6,154
52.2,4
47.1,0
74.4,0
86.5,43
60.6,47
73,2
87.8,15
80.2,12
62.5,17
87.2,15
87,248
92.6,392
74.1,19
60.7,0
77.5,6
89.3,413
74.4,23
55.4,12
93.6,623
58.8,40
75.8,7
79.1,0
52.7,0
89.3,15
93.3,373
76,3
71.8,7
75.3,24
63.3,19
57.8,25
63.6,6
68.6,186
67.2,75
59.4,0
92.7,641
66.2,12
81.8,1
64,31
54.8,9
79,16
71.5,10
87.2,14
80.7,372
77.4,8
94.9,217
73.4,30
67,30
90.3,66
92.9,362
91.5,190
82.1,29
95.4,2
78.6,6
73.8,3
66.6,9
72.5,196
85.7,7
91.3,18
84.6,99
80.5,6
91.4,1867
66.3,12
86.7,1
88.4,73
79.8,15
72.8,8
72.4,12
88.7,28
95.3,25
60.6,47
86.6,1
70,5
80.2,12
68.9,30
84.5,71
96.8,5
82.8,20
90.8,732
86.2,119
94.4,5
91.3,908
80.2,12
53.7,15
69.8,86
60.4,6
61.1,0
75,35
72.8,21
84.2,35
76.8,93
60.9,59
84.3,271
67.8,14
93.3,373
65.5,41
64.3,68
74.1,44
65.1,63
60,46
96.3,10
73.4,21
89.4,1429
67.3,199
86.6,47
71.9,332
63.2,0
69,31
78.1,213
67.8,4
80.5,42
73.4,30
68.2,86
74.5,66
79,193
70.7,7
56,29
66.4,12
73.1,38
79.2,27
69.8,129
74.1,17
63.1,14
73.5,22
72.3,211
75.9,21
60.6,47
78.9,46
82.8,20
45.2,0
51.5,12
68.3,5
48.8,1
57.4,2
58.5,0
59.4,2
71.8,6
83,51
70.8,16
48,0
74.9,4
49.8,12
42.2,10
53.2,1
73.2,0
37.4,4
42.9,1
62.2,0
46.3,1
86.5,63
54.5,1
61.4,6
57,1
74.7,4
56.3,8
68.1,1
48.2,0
60.1,1
43.8,1
72.9,0
72.7,4
50.9,2
75.7,5
70.9,14
51,6
63.9,14
52.5,1
98.5,15
67,30
75.5,17
70.6,4
58.8,1
70.9,3
73.2,48
59.7,2
74.5,0
50.2,0
62,96
57.4,2
63.6,5
51.1,1
62.6,10
86.7,1
42,4
43.1,0
53.3,1
79.1,0
75.6,0
66,10
65.4,1
72.2,24
60.6,47
58.3,1
51.9,5
66.9,1
61.1,0
77.5,6
80.3,110
66.6,4
65.3,23
62.9,8
70.8,16
46.4,2
70.6,12
70.7,4
76,11
93.3,373
81.2,16
49.8,12
60.2,12
65.2,9
65.8,20
63.6,6
68.8,42
69.6,34
75.9,27
79.1,18
53.5,26
66.2,12
59.9,7
64,31
60.6,11
67.8,34
61.1,4
79,16
78.2,7
60.9,43
59.2,9
74.3,44
69.5,32
53.1,0
60.3,23
85.4,36
75.9,0
69.6,6
61.7,1
70.1,32
71.4,16
70.9,14
80.7,372
54.9,7
74,9
98.5,15
64.8,40
67,30
74.4,2
75.5,17
79.2,10
68.2,32
67.4,25
71.7,19
76.6,92
56,29
73.2,48
62.2,35
60.9,12
66.6,9
72.5,196
81.5,38
76.3,32
57.1,17
52.1,11
80.5,6
54.9,5
52.2,4
76.7,48
63.7,16
67.9,7
79,1
68.8,46
58.1,1
62.8,4
63.2,16
78.5,60
51.4,0
72,16
72.4,12
74.2,4
79.6,26
58.5,7
80.3,1
60.6,47
81.1,3
70,5
80.2,12
68.9,30
54.3,25
76.8,32
64.7,58
58.2,2
61.1,0
79.9,10
73.6,88
82,18
76.7,1
74.1,19
95.8,35
91.6,9
81.5,5
83.9,8
89,31
72.4,2
94.3,37
63.9,16
91.2,1381
86.2,6
72.1,0
71.3,10
69.4,72
86.1,179
88.4,66
90,5
70.5,1
62,26
58.5,0
83.6,6
87.6,12
61.5,0
60.9,59
77.2,4
79.1,0
70.6,13
71.4,0
62.8,11
84.9,6
69.6,43
67.8,14
54,0
49.8,12
82.4,1
81.3,4
81.5,4
90,171
44.4,0
87.3,4
88.6,105
61.7,0
88.6,2
80.1,7
81.6,13
59.9,3
76.9,2
65.8,20
84,6
83,2
68.5,10
64.6,27
73.3,10
77.8,25
74.5,4
91.3,165
88.8,42
78.6,2
82.3,7
64.9,1
82.3,511
75.2,6
79.2,91
53.4,0
46.8,16
79.9,188
81.1,13
90.2,5
71.2,28
66.2,12
69.6,3
54.3,55
62.4,0
88.9,303
64,31
76.9,4
81.8,9
81.2,10
82.4,166
81.9,4
70.6,10
82,0
81.4,6
90.6,19
60.4,0
78.1,15
80.9,82
88.8,35
86.4,1
83,29
74.3,168
59.2,9
66.2,6
69.5,32
53.1,0
76.4,25
61.7,26
71.4,0
60.3,1
97,71
54.7,0
75.9,0
72.2,2
46.5,10
83.7,11
73.4,35
71.9,41
70.1,32
70.5,13
90.9,3
77.7,43
50.9,2
88.6,0
96.2,3
70.9,14
67.8,4
57.3,22
80.7,372
84.7,4
79.9,46
54.9,7
63.9,14
89.5,17
83.7,52
92.4,27
87,2
86.2,119
62.6,13
67.3,1
65.1,0
81.7,1
84.7,49
74,9
71.6,5
85.2,23
88.1,9
76.4,13
85,37
74.5,66
85.6,99
75,10
73.1,27
61,1
91.1,9
82.9,2
76.4,0
84.2,152
84.6,5
82.6,4
88.2,125
74.5,1
76.6,92
56,29
88.8,158
43.9,1
83.1,51
77.5,142
73,42
71.2,1
84,13
90.7,7
76.2,1
78.9,45
74.9,4
72.5,196
81.5,38
64.8,0
79.7,0
74.9,67
85.6,30
66.9,19
73.1,5
91.4,401
64,5
83.8,26
91,1410
92.1,17
66.8,37
87.7,42
79.8,16
74.8,5
52.2,4
86.7,1
96.3,7
75.7,5
76.5,49
81.7,6
74.1,8
70.6,15
80.4,6
75.1,15
42,4
79,1
82.5,31
82.4,9
82.2,20
74.6,9
80.2,15
84.5,11
91.2,79
77.4,0
91.5,2
55.3,11
70.1,0
78.5,60
47.1,0
51.4,0
67.8,5
93.1,179
68,41
82.4,0
67.3,1
86.8,3
78.7,3
86.6,784
62.1,15
92.2,32
83.9,6
61.9,2
67.3,35
88.4,74
95.3,438
79.3,0
85.8,4
76.9,12
77.7,3
82.8,36
85.6,124
56.8,25
81.5,97
68.5,92
85.4,15
53.9,24
80.2,12
90.3,317
84.1,58
62.5,17
53.2,0
70.3,3
88.4,55
64.7,58
58.2,2
77.7,4
81.9,15
82.4,81
81.5,5
78.9,6
91.7,6
77.3,18
60.7,0
68.9,6
72.1,8
52.7,0
51.1,0
61.2,4
65.7,1
66.3,2
85.8,5
94.1,1
76,18
56.2,3
91.3,341
45.7,0
76.3,32
57.6,0
74.8,0
84.6,289
83.3,0
74.6,2
63.2,16
93.5,4
74.4,2
56.4,1
70.2,73
84.2,9
80.2,12
68.9,30
77.3,32
84.1,2
85.4,1
72.4,0
83.3,39
91.9,1330
64,31
84.2,0
73.1,1
91,1410
90.6,55
84.4,1
80.2,12
85.5,17
85.4,2
92.4,19
90.3,23
71.4,1
80.2,6
82.9,4
81.4,5
93.7,152
87.4,8
78.2,1
77.5,6
60.6,5
77.2,11
92.1,34
76.7,3
84.6,9
70.8,16
93.8,8
70.6,12
86,5
79.8,154
65.5,41
69.8,16
40.4,2
86.6,18
63.6,6
71,1
85.7,12
91.9,1330
91.1,602
90.5,26
54.3,55
87.2,9
64,31
87.5,137
67.8,34
89.1,235
85.8,7
78.1,15
79,16
83.9,13
91.1,25
81.8,41
85.3,224
69.6,6
63,4
84.6,23
98.1,21
80.3,1
71.9,4
71.5,2
73.4,30
74.5,66
93.6,129
69.6,15
79.2,3
76.6,92
95,0
86,376
93.5,195
72.5,196
79.2,4
87.8,3
91.3,18
84.6,99
84.3,20
91,1410
79.1,0
69.4,26
70.2,16
82.2,5
79.4,13
80.8,6
87.1,218
81.9,193
88.1,2
75.8,174
81.2,9
80.5,3
85.1,105
78.3,3
58.1,1
80.2,59
59.7,24
90.6,31
90,47
72.4,1
84,26
95.9,215
77.5,47
70,5
80.2,12
84.5,71
81.9,15
65.7,6
82.8,20
88.2,75
62.5,7
76.4,1
90.8,32
86.2,79
78.5,26
66.6,0
66.1,39
83.5,27
88.5,8
92.3,7
84.8,12
92,5
79.4,30
88.9,31
77.6,35
77.5,7
78.4,1
82.5,23
91.7,26
88.7,8
72.7,23
91.7,49
87.9,84
84.2,0
81.7,29
90.9,2
85.9,65
77,1
81.6,64
79.2,35
82.9,6
87.6,1
77.3,78
88,102
89.6,3
98.6,8
88.8,4
87,248
84.2,6
80.3,110
86.1,16
97.1,1
74.9,4
63.3,19
84.1,7
86.5,63
76.9,0
64,31
85.8,5
74.7,4
87.5,11
90.9,12
80.7,372
65.1,0
92.2,21
85.1,22
82,3
74.4,2
75.5,17
43.9,1
81.6,10
77.5,3
79.9,1
67.9,24
83.3,0
83,23
84,1
91.2,223
83,186
63.3,1
60.5,4
81.9,0
83.4,6
86.9,49
93.9,3
88.3,267
69.2,9
76.8,93
60.5,29
60,0
62.8,1
66.2,16
60.9,59
49.8,12
72.7,1
66.2,12
74.3,19
74.7,4
78.7,3
96.6,153
74.3,44
70.6,1
61.7,26
70.9,14
80.7,372
75.2,101
74.4,2
75.5,17
62.2,2
70.6,31
56,29
73.2,48
43.9,1
78.6,6
74.2,0
73,11
73.8,5
66.6,9
76.3,32
86.2,1
68.2,7
74.2,0
63.3,3
50,2
82.7,4
76.7,48
57.4,8
51.2,14
61.8,0
67.9,7
67.8,1
62.1,15
75.7,0
85.8,4
76.9,12
68.9,30
81.3,2
80,0
61.1,0
82.4,81
96.8,5
87,248
62.8,5
62.9,6
78.7,1
58.5,0
71.8,6
65.8,6
69.5,10
88,0
74.9,4
63.3,19
57.8,25
87.1,46
67.9,14
89.1,4
86.5,63
49.1,5
67.9,9
67.3,199
56.6,17
81.8,1
74.7,4
73.5,8
60.3,2
68.9,6
76,18
70.9,14
80.7,372
58.4,3
74.4,69
82,4
78.7,12
72,3
67.1,5
75.5,17
47.8,7
57.6,32
73.7,9
82.9,12
80,3
76.1,554
66.6,9
66.2,6
59.1,0
65.5,48
72,23
67.6,0
67.9,24
52.2,4
76.8,67
78.1,0
70.5,101
63.1,14
57.5,1
82.2,20
71.2,9
66.1,6
68.3,1
47.4,8
58.4,20
62.1,15
76.8,2
62.1,3
76.4,3
58.3,1
63.3,2
80.2,12
61.9,103
64.9,29
54.2,3
85,165
82.4,81
93,126
52.1,33
70.8,16
52.7,0
62.8,0
87.9,2
86.3,1
51.9,2
63.1,0
54.9,7
63,4
75.5,17
72.3,7
46.3,0
85.9,1
82.7,12
42.1,0
60.5,1
41.4,2
52.2,1
47.1,2
57.2,7
58.1,0
